date,15:45:00,15:50:00,15:54:00
2021-01-04,309.20999,309.51999,309.25
2021-01-05,311.48001,311.69931,311.905
2021-01-06,308.0,307.54999,307.64999
2021-01-07,315.465,315.69,315.75
2021-01-08,318.82999,318.91019,319.17001
2021-01-11,314.29999,315.084991,314.41
2021-01-12,314.2291,314.32001,314.17999
2021-01-13,316.63989,316.32001,316.079895
2021-01-14,315.17999,314.5885,314.0
2021-01-15,312.059998,311.98999,311.94199
2021-01-19,316.70001,316.57001,316.67999
2021-01-20,324.57999,324.17001,324.26001
2021-01-21,326.86301,326.78,326.59
2021-01-22,326.37,326.20001,326.049988
2021-01-25,327.57999,328.029999,328.12
2021-01-26,328.88501,328.82999,328.34
2021-01-27,318.5,319.23001,319.44
2021-01-28,322.52899,322.34,322.37
2021-01-29,315.38,316.16,315.98001
2021-02-01,323.049988,323.10501,323.39001
2021-02-02,328.22,328.51001,328.14001
2021-02-03,327.45999,326.7807,326.82059
2021-02-04,,,329.85999
2021-02-08,332.85001,332.92001,333.22501
2021-02-09,334.10001,333.69,333.25
2021-02-10,332.12,332.45001,332.241
2021-02-11,333.85001,333.94,334.39001
2021-02-12,335.74899,336.13,336.32999
2021-02-16,335.5072,335.30911,335.66
2021-02-17,333.92001,334.059998,333.85999
2021-02-18,333.01001,332.60999,332.39499
2021-02-19,331.17999,331.17999,330.89999
2021-02-22,322.95999,322.47,322.38
2021-02-23,322.36499,321.98001,321.85999
2021-02-24,323.59,323.85001,324.095001
2021-02-25,313.73999,314.029999,313.57999
2021-02-26,317.87,317.51999,315.85001
2021-03-01,323.29999,322.85999,323.73001
2021-03-02,319.76001,318.92001,318.72
2021-03-03,310.66699,309.81,309.39001
2021-03-04,304.41,304.345,303.20999
2021-03-05,308.84,308.95001,308.86499
2021-03-08,301.62,301.29001,300.67999
2021-03-09,312.42999,311.73901,312.85999
2021-03-10,311.48999,311.62,311.14999
2021-03-11,318.57999,318.285,318.40991
2021-03-12,315.30499,315.28,315.089996
2021-03-15,317.69009,317.91,318.42001
2021-03-16,321.375,321.019989,321.049988
2021-03-17,321.67001,321.48001,321.42181
2021-03-18,312.29001,312.084991,311.81
2021-03-19,313.97,313.98999,314.029999
2021-03-22,318.98999,318.98001,318.89001
2021-03-23,317.23999,316.54001,317.20999
2021-03-24,313.01001,312.62,312.14999
2021-03-25,312.2399,312.20001,311.70999
2021-03-26,313.66501,313.89001,314.54001
2021-03-29,315.48999,315.87,315.45999
2021-03-30,314.34,313.64001,313.45999
2021-03-31,319.47,320.084991,319.17001
2021-04-01,324.070007,324.22501,324.51999
2021-04-05,330.95001,330.97,331.5
2021-04-06,330.84,330.58499,330.25
2021-04-07,331.73001,331.5,331.45001
2021-04-08,334.87,334.82001,334.89999
2021-04-09,336.51001,336.84,337.1684
2021-04-12,336.85999,336.88501,336.63
2021-04-13,340.70001,340.42999,340.67001
2021-04-14,336.42999,336.14001,335.98001
2021-04-15,341.64001,341.77011,341.70499
2021-04-19,338.23001,337.98999,338.070007
2021-04-20,336.67001,336.45001,336.44
2021-04-21,338.935,339.01001,339.34
2021-04-22,335.39001,335.079987,335.019989
2021-04-23,340.10999,339.79999,339.88
2021-04-26,341.45999,341.42001,341.48999
2021-04-27,340.54001,340.48001,340.41
2021-04-28,339.48001,339.039886,338.62079
2021-04-29,340.39499,340.12,340.16501
2021-04-30,337.42001,337.57001,337.16
2021-05-03,336.23001,335.85999,335.95999
2021-05-04,328.45001,328.98001,328.94
2021-05-05,329.32999,328.92999,329.040009
2021-05-06,330.20499,330.91,331.185
2021-05-07,334.535,334.70001,334.625
2021-05-10,326.995,326.45001,325.79001
2021-05-11,324.82999,325.34,325.39001
2021-05-12,317.57999,316.88,316.079987
2021-05-13,320.82001,320.405,319.95999
2021-05-14,326.47,326.755,327.20999
2021-05-17,323.66,324.070007,324.049988
2021-05-18,324.019989,323.12,322.41
2021-05-19,321.20111,321.32001,322.01001
2021-05-20,329.32001,328.81,329.38
2021-05-21,327.049988,327.049988,326.85999
2021-05-24,332.98999,333.01001,332.94
2021-05-25,332.76999,332.5,332.51001
2021-05-26,333.82901,333.64001,333.67001
2021-05-27,333.095001,333.065002,333.19501
2021-05-28,334.42001,334.26999,333.88501
2021-06-01,333.059998,332.965,333.11499
2021-06-02,332.85999,333.29001,333.11069
2021-06-03,329.88,329.84,329.81
2021-06-04,335.72,335.97,335.88501
2021-06-07,336.14001,336.29501,336.45001
2021-06-08,336.875,336.785,336.78
2021-06-09,336.76001,336.78,336.92499
2021-06-10,339.85001,340.19501,340.37
2021-06-11,340.56,340.81,341.01001
2021-06-14,343.29999,343.63,344.10001
2021-06-15,342.29999,342.26999,341.89999
2021-06-16,341.47,341.38,341.089996
2021-06-17,346.019989,346.080109,345.76001
2021-06-18,343.66501,343.42999,343.48999
2021-06-21,343.88,344.029999,344.39999
2021-06-22,347.57999,347.54001,347.67001
2021-06-23,347.77869,347.47,347.565
2021-06-24,349.75,349.84,349.92001
2021-06-25,349.20001,349.479,349.14999
2021-06-28,353.54999,353.6825,353.79999
2021-06-29,354.85999,354.78,354.83499
2021-06-30,354.91,354.54001,354.70001
2021-07-01,354.12991,354.27499,354.33011
2021-07-02,358.57001,358.72751,358.88
2021-07-06,360.31,360.12,360.089996
2021-07-07,360.92999,360.95999,360.89001
2021-07-08,358.125,357.78159,358.0
2021-07-09,360.86819,361.17999,361.30099
2021-07-12,362.17999,362.13,362.30499
2021-07-13,362.78,362.32999,362.26001
2021-07-14,363.66,363.26999,362.95499
2021-07-15,360.125,360.14499,360.22
2021-07-16,357.54001,357.39001,357.54999
2021-07-19,352.84,353.23999,353.63
2021-07-20,359.83499,359.72,359.73001
2021-07-21,360.60001,360.44,361.23001
2021-07-22,363.57999,363.57501,363.745
2021-07-23,368.26001,368.34,368.20999
2021-07-26,368.10999,368.14001,368.29001
2021-07-27,363.43011,363.8082,363.72
2021-07-28,366.32001,366.25,366.080109
2021-07-29,366.88501,366.47,366.57001
2021-07-30,364.27499,364.28,364.19
2021-08-02,364.17499,364.35001,364.26001
2021-08-03,366.47,366.42999,366.75
2021-08-04,367.64001,367.76001,367.92499
2021-08-05,369.29999,369.45181,369.57901
2021-08-06,367.78,367.78,367.91
2021-08-09,368.78,368.73001,368.61499
2021-08-10,366.64999,366.48099,366.41
2021-08-11,366.0,366.25,366.18011
2021-08-12,367.73999,367.51501,367.85999
2021-08-13,368.56491,368.51001,368.57001
2021-08-16,368.32001,368.47989,368.66
2021-08-17,364.73001,365.42499,365.20999
2021-08-18,363.67001,362.81909,362.59
2021-08-19,364.10999,364.21979,363.83499
2021-08-20,367.905,367.94,367.91
2021-08-23,373.38,373.48001,
2021-08-25,375.029999,374.88501,374.84
2021-08-26,372.54001,372.76001,372.53
2021-08-27,376.37939,376.20999,376.19
2021-08-30,380.48001,380.54001,380.625
2021-08-31,,379.8999,379.64999
2021-09-01,380.92001,380.82999,380.5874
2021-09-02,380.064514,380.14001,380.23001
2021-09-03,381.60001,381.44501,381.36499
2021-09-07,382.255,382.19,382.23001
2021-09-08,380.39999,380.45999,380.60999
2021-09-09,380.16,379.60001,379.34
2021-09-10,377.049988,376.6091,376.41
2021-09-13,375.64001,375.95999,376.019989
2021-09-14,374.85999,374.59,374.8699
2021-09-15,378.41,378.26999,378.049988
2021-09-16,378.37,378.48001,378.19
2021-09-17,373.95999,373.54001,373.85001
2021-09-20,363.7438,364.5,364.73001
2021-09-21,367.14301,366.79999,366.56
2021-09-22,370.10001,369.60999,369.92499
2021-09-23,373.32001,373.29251,373.29999
2021-09-24,373.54001,373.565,373.51001
2021-09-27,370.81,370.345,370.059998
2021-09-28,360.79001,359.82999,359.91
2021-09-29,360.17969,359.66501,359.26999
2021-09-30,359.13,358.79001,358.50009
2021-10-01,360.47,360.32001,360.91199
2021-10-04,352.35001,351.37,351.41501
2021-10-05,358.32999,358.049988,357.73999
2021-10-06,358.39001,359.35999,359.38
2021-10-07,363.20999,363.33499,363.17499
2021-10-08,361.16,360.9501,360.98999
2021-10-11,359.435,359.040009,358.92999
2021-10-12,356.70499,356.62,356.79001
2021-10-13,359.47461,359.92001,359.79999
2021-10-14,366.23499,366.35501,366.64999
2021-10-15,368.38,368.35001,368.64999
2021-10-18,372.5,372.70001,372.70999
2021-10-19,374.98499,375.0050049,375.13
2021-10-20,374.76501,374.54001,374.57999
2021-10-21,376.83011,376.87,377.079987
2021-10-22,373.95499,374.024994,374.19
2021-10-25,377.98001,377.88,377.78
2021-10-26,379.89999,379.48001,379.40991
2021-10-27,381.23001,380.60501,380.34
2021-10-28,383.23001,383.63449,384.079987
2021-10-29,385.10001,385.49249,386.009491
2021-11-01,386.62,386.7677,386.73831
2021-11-02,389.39999,389.17001,388.92999
2021-11-03,393.1701,393.22,393.32001
2021-11-04,397.60501,398.22,398.28
2021-11-05,398.67999,398.58499,398.26501
2021-11-08,397.85001,397.98999,398.22
2021-11-09,395.13,395.049988,394.9899
2021-11-10,388.82999,389.375,389.86011
2021-11-11,390.73499,390.72,390.60989
2021-11-12,394.60999,394.73001,394.60999
2021-11-15,394.069885,394.13,394.059998
2021-11-16,397.77499,397.625,397.6203
2021-11-17,398.16501,397.97501,397.66
2021-11-18,402.029999,402.14999,401.98001
2021-11-19,403.85001,403.9386,403.87
2021-11-22,402.22501,401.084991,400.049988
2021-11-23,396.89499,397.35001,397.32501
2021-11-24,398.51001,398.76001,398.87
2021-11-26,390.48,390.49,390.75
2021-11-29,399.85999,399.81,400.040009
2021-11-30,393.98999,393.45999,392.98001
2021-12-01,390.47,389.56,389.14001
2021-12-02,390.87,390.079987,389.64999
2021-12-03,380.13,380.67999,381.48001
2021-12-06,386.079987,386.44,386.88
2021-12-07,396.72,396.01001,397.049988
2021-12-08,398.82999,399.35001,399.70001
2021-12-09,395.042694,394.79999,394.28
2021-12-10,397.34,397.57599,397.67001
2021-12-13,393.92001,393.14999,392.31
2021-12-14,387.7565,387.91,387.32999
2021-12-15,394.95001,395.51999,396.57501
2021-12-16,387.245,387.73999,386.59
2021-12-17,385.5,384.89001,385.28
2021-12-20,379.95999,380.82001,380.12
2021-12-21,387.79001,388.20001,389.29999
2021-12-22,392.85999,392.94,393.54501
2021-12-23,398.11929,398.32059,398.019989
2021-12-27,403.029999,403.0,403.25
2021-12-28,402.44,401.54999,401.51001
2021-12-29,402.125,402.19,402.11499
2021-12-30,400.69,400.48001,400.35999
2021-12-31,398.87,397.875,397.48001
2022-01-03,401.32001,401.32849,401.59
2022-01-04,397.065002,,396.91
2022-01-05,386.21991,385.595,385.34
2022-01-06,383.97,383.78,383.685
2022-01-07,380.37,380.97501,380.16
2022-01-10,378.67001,379.13,379.29999
2022-01-11,385.25,384.87,385.10001
2022-01-12,387.70999,387.595,387.48999
2022-01-13,378.7692,377.48001,376.9346
2022-01-14,380.20999,380.089996,380.10001
2022-01-18,370.57999,371.45001,369.88
2022-01-19,368.70001,367.81,367.14999
2022-01-20,363.35999,362.89999,361.54999
2022-01-21,353.51999,352.8399,351.785
2022-01-24,350.17001,352.34,352.53
2022-01-25,347.13,345.67999,344.54001
2022-01-26,344.35999,343.37,345.20999
2022-01-27,343.23999,341.82001,341.62
2022-01-28,349.070007,350.82001,350.98999
2022-01-31,361.686,362.89999,363.32999
2022-02-01,365.23999,365.55099,365.80801
2022-02-02,368.45499,368.60001,368.73929
2022-02-03,354.19,353.41,352.94989
2022-02-04,359.2099,359.0,358.92999
2022-02-07,355.35999,355.48999,354.10001
2022-02-08,358.57999,358.77991,359.82999
2022-02-09,365.91,366.26999,366.4201
2022-02-10,357.33249,356.95001,357.57999
2022-02-11,347.049988,347.60501,347.77499
2022-02-14,347.11011,347.1893,347.69
2022-02-15,354.98999,355.93991,355.88
2022-02-16,356.34,356.54001,356.069214
2022-02-17,346.82001,345.9209,345.345
2022-02-18,342.608,342.040009,341.44
2022-02-22,339.019989,337.715,337.29999
2022-02-23,330.079987,329.64001,329.42499
2022-02-24,339.45999,340.059998,340.78
2022-02-25,345.089996,345.24271,345.60999
2022-02-28,344.72,345.51001,346.29999
2022-03-01,340.019989,339.20999,340.87
2022-03-02,348.13,348.029999,348.10999
2022-03-03,340.7027,341.29999,341.70999
2022-03-04,336.26001,336.26999,337.20999
2022-03-07,326.20001,326.0,325.019989
2022-03-08,324.35001,324.42999,324.45999
2022-03-09,335.75,334.82001,334.76999
2022-03-10,331.049988,331.41,332.0
2022-03-11,325.42999,324.98001,324.54999
2022-03-14,318.47,317.9538,317.89999
2022-03-15,327.73001,328.42999,328.45001
2022-03-16,337.84,339.040009,339.089996
2022-03-17,343.92999,343.51501,343.57999
2022-03-18,351.14999,351.12,351.32001
2022-03-21,348.23419,348.56,349.35001
2022-03-22,357.13501,357.435,356.64499
2022-03-23,353.63321,352.59,352.24991
2022-03-24,358.54001,358.85001,359.10001
2022-03-25,357.82999,358.39001,358.79001
2022-03-28,364.14999,363.81,364.39001
2022-03-29,371.48999,371.16501,370.52499
2022-03-30,366.54001,366.35001,365.94
2022-03-31,364.35999,363.73001,362.60501
2022-04-01,359.38,360.85999,361.45001
2022-04-04,368.51001,368.92999,369.019989
2022-04-05,360.75,360.56,361.019989
2022-04-06,353.92801,354.040009,353.38
2022-04-07,355.715,354.79999,354.54501
2022-04-08,350.17999,348.92349,348.79001
2022-04-11,341.089996,341.20999,340.60999
2022-04-12,339.29001,339.9758,339.95999
2022-04-13,347.20999,346.80139,346.48059
2022-04-14,339.20499,338.64001,338.64999
2022-04-18,337.3201,337.029999,337.48999
2022-04-19,345.57629,346.39999,346.51999
2022-04-20,342.12,341.92999,341.049988
2022-04-21,334.10999,334.185,334.78
2022-04-22,327.33499,326.20999,325.70999
2022-04-25,328.59,328.84,329.53
2022-04-26,318.685,318.51001,317.4899
2022-04-27,317.65009,316.23999,316.79001
2022-04-28,328.3313,327.35501,327.62
2022-04-29,314.82999,313.28329,313.12
2022-05-02,316.48999,317.78922,318.32001
2022-05-03,317.57999,317.88,318.78
2022-05-04,329.079987,330.049988,329.57999
2022-05-05,311.95999,313.25,311.82001
2022-05-06,308.89999,310.44,309.54001
2022-05-09,297.35001,296.29501,296.26999
2022-05-10,300.53,300.62,301.29001
2022-05-11,291.82999,291.26999,291.48999
2022-05-12,288.95001,290.095001,289.82001
2022-05-13,301.92001,300.72,301.35001
2022-05-16,298.24109,298.5,298.45001
2022-05-17,305.32001,305.59,305.91959
2022-05-18,291.019989,291.10999,290.049988
2022-05-19,290.98999,289.82999,289.51001
2022-05-20,286.66,288.12,288.089996
2022-05-23,291.89999,292.45001,292.54001
2022-05-24,288.070007,287.29001,286.51001
2022-05-25,291.14999,290.60999,290.84
2022-05-26,299.94,300.16,299.66
2022-05-27,308.20001,307.88,308.43121
2022-05-31,309.66589,310.10001,308.94
2022-06-01,307.56,307.70819,306.64999
2022-06-02,313.5,313.87781,314.14999
2022-06-03,305.47989,305.97,306.23999
2022-06-06,306.95999,306.98001,307.41
2022-06-07,310.0,310.37,310.505
2022-06-08,307.81049,307.38,307.45999
2022-06-09,300.63519,300.48001,300.41
2022-06-10,289.70001,289.35999,289.42001
2022-06-13,275.62,274.66669,275.51999
2022-06-14,276.17001,276.32999,276.049988
2022-06-15,283.58249,282.95999,282.60001
2022-06-16,270.66,270.44821,270.67001
2022-06-17,274.73001,274.95001,275.22
2022-06-21,281.70999,281.76999,281.64999
2022-06-22,280.79999,280.67001,281.56
2022-06-23,284.92999,285.42999,284.81
2022-06-24,293.065002,293.26001,294.19
2022-06-27,292.76001,291.91309,291.64001
2022-06-28,283.97,283.62,284.14029
2022-06-29,283.849,283.70001,283.47
2022-06-30,280.47369,280.64001,279.26999
2022-07-01,282.019989,281.76999,281.81
2022-07-05,286.45001,286.67001,286.67001
2022-07-06,289.51999,288.77109,288.059998
2022-07-07,294.79999,295.20999,295.0
2022-07-08,295.465,295.41,295.59
2022-07-11,288.88501,288.495,288.42499
2022-07-12,285.31,285.95001,286.35001
2022-07-13,286.019989,285.82501,286.23001
2022-07-14,286.51001,286.4675,286.64001
2022-07-15,291.22989,290.73999,291.25
2022-07-18,288.66,288.94,289.39001
2022-07-19,298.215,298.17499,298.17001
2022-07-20,303.20001,303.44,302.95999
2022-07-21,306.56,306.965,307.070099
2022-07-22,301.42001,301.28,301.461
2022-07-25,299.049988,299.55499,299.87
2022-07-26,294.14999,293.94,294.67001
2022-07-27,307.64001,307.20001,307.37
2022-07-28,309.23499,309.70999,309.54999
2022-07-29,316.13501,316.089996,315.63
2022-08-01,315.29001,315.42999,314.96011
2022-08-02,315.12,314.64499,314.6499
2022-08-03,323.435,323.29999,323.37
2022-08-04,323.61499,323.98999,323.89999
2022-08-05,321.38,321.85001,321.70001
2022-08-08,320.60449,320.78,320.70001
2022-08-09,317.1391,317.29999,317.059998
2022-08-10,326.0,325.89999,326.054993
2022-08-11,323.67001,323.79001,324.22501
2022-08-12,329.965,330.23999,330.14999
2022-08-15,333.32999,333.26999,332.97
2022-08-16,332.41,332.76001,332.45999
2022-08-17,328.64001,328.42001,328.59
2022-08-18,329.91,329.34,329.089996
2022-08-19,323.095001,323.42819,322.9787
2022-08-22,313.57999,314.20001,314.14999
2022-08-23,314.215,313.84,314.13501
2022-08-24,315.73999,315.48999,315.32999
2022-08-25,319.62201,319.70999,320.079987
2022-08-26,307.95001,307.94009,307.60001
2022-08-29,305.77499,304.82001,304.88
2022-08-30,300.70999,300.37,300.26999
2022-08-31,301.32001,300.82999,300.29999
2022-09-01,297.85001,298.059998,298.62
2022-09-02,293.85999,294.48999,295.16
2022-09-06,293.45999,293.17001,292.84
2022-09-07,299.31,299.35999,299.45001
2022-09-08,298.72,299.46371,300.01001
2022-09-09,307.51999,307.079987,307.35999
2022-09-12,310.465,310.54999,310.29001
2022-09-13,293.089996,293.64001,293.75
2022-09-14,294.37,295.23001,295.84
2022-09-15,290.89499,291.040009,290.95001
2022-09-16,288.625,289.19,289.14001
2022-09-19,291.040009,290.31,290.95001
2022-09-20,289.62,289.01001,288.85501
2022-09-21,284.20999,284.75,284.72
2022-09-22,282.10001,281.66,281.029999
2022-09-23,275.59,274.79999,275.29501
2022-09-26,275.23999,274.78,275.63
2022-09-27,274.14001,274.37009,274.82999
2022-09-28,280.70001,281.0050049,280.78
2022-09-29,271.26001,272.035004,271.89001
2022-09-30,269.059998,268.41,267.88
2022-10-03,274.12,273.9126,273.82999
2022-10-04,281.255,281.48999,281.89999
2022-10-05,283.12,282.22,281.70001
2022-10-06,280.09549,280.13,280.089996
2022-10-07,268.62,269.29999,268.78
2022-10-10,267.080109,266.64001,267.13
2022-10-11,262.57001,262.39999,262.69
2022-10-12,263.54999,263.125,263.26001
2022-10-13,268.98001,269.059998,269.39999
2022-10-14,261.26999,261.57001,261.17001
2022-10-17,269.9104,269.85999,269.76999
2022-10-18,271.29999,271.39001,271.155
2022-10-19,269.72,269.61499,270.16
2022-10-20,268.99011,269.20999,269.51001
2022-10-21,275.59,275.62,275.64999
2022-10-24,278.70001,278.50711,277.98999
2022-10-25,284.20499,283.97751,283.88
2022-10-26,278.51001,277.73001,278.29001
2022-10-27,273.37,273.22501,272.57001
2022-10-28,281.054993,281.17999,281.465
2022-10-31,278.4035,277.95999,277.70001
2022-11-01,275.32999,275.44,275.35999
2022-11-02,267.30499,266.5,266.23001
2022-11-03,261.75,261.1601,260.92499
2022-11-04,264.23999,263.62,263.81
2022-11-07,267.72,267.82001,267.54001
2022-11-08,270.32999,270.26999,269.90991
2022-11-09,263.73001,263.72,263.39999
2022-11-10,281.62,282.16,282.72
2022-11-11,288.0,288.26501,288.28
2022-11-14,286.595,286.39999,285.75
2022-11-15,289.39999,289.14001,288.8999
2022-11-16,285.38,285.935,286.070007
2022-11-17,283.92999,284.39999,284.065002
2022-11-18,284.95001,285.44,284.23999
2022-11-21,281.95001,282.084991,282.14001
2022-11-22,285.64001,285.63989,285.76001
2022-11-23,288.23001,288.54001,288.45999
2022-11-28,282.31989,282.29001,282.625
2022-11-29,280.20001,280.26999,280.30499
2022-11-30,291.79001,292.23001,292.51001
2022-12-01,294.39999,294.29001,294.070007
2022-12-02,291.79999,291.69501,292.12
2022-12-05,286.63,286.73001,287.27359
2022-12-06,281.72,282.049988,281.78
2022-12-07,280.17499,280.38,280.51999
2022-12-08,283.5401,283.155,283.67999
2022-12-09,282.81,282.44,282.42001
2022-12-12,284.48001,284.47,284.84161
2022-12-13,289.35999,289.10999,289.35999
2022-12-14,286.049988,287.16,287.16
2022-12-15,276.45999,276.57999,276.79999
2022-12-16,274.81,274.13,274.5
2022-12-19,268.96939,269.42999,269.67001
2022-12-20,269.88,269.82001,269.88
2022-12-21,273.32001,273.040009,273.36499
2022-12-22,265.64999,266.88,266.785
2022-12-23,266.875,266.815,267.29999
2022-12-27,264.019989,263.66,263.73001
2022-12-28,259.89001,260.17001,259.97501
2022-12-29,267.1149,267.01001,267.029999
2022-12-30,264.94,265.64999,265.89001
2023-01-03,264.30099,264.45999,264.70999
2023-01-04,263.79001,264.37,264.81
2023-01-05,262.10001,261.48001,261.26001
2023-01-06,269.47,268.82501,268.74991
2023-01-09,271.040009,270.8432,270.48001
2023-01-10,272.0098877,272.22,272.26501
2023-01-11,276.7215,276.87,277.17999
2023-01-12,278.37,278.63,278.66501
2023-01-13,280.88519,280.64999,280.79999
2023-01-17,281.27341,281.10001,281.10001
2023-01-18,278.37,278.30991,278.14999
2023-01-19,275.89001,275.73999,275.45001
2023-01-20,282.17001,282.55499,282.67999
2023-01-23,288.48999,288.9216,289.03009
2023-01-24,287.42999,287.98999,288.26001
2023-01-25,287.25,287.17001,287.22
2023-01-26,292.45999,292.82999,292.8486
2023-01-27,297.48001,296.97501,296.60001
2023-01-30,290.89001,290.79999,290.35001
2023-01-31,293.3851,293.62,294.20001
2023-02-01,302.67001,300.89999,300.85999
2023-02-02,309.47,310.35989,310.81
2023-02-03,306.28,305.94299,306.57999
2023-02-06,303.44,303.565,303.76999
2023-02-07,309.47101,310.22,310.98999
2023-02-08,304.42999,304.77399,304.44
2023-02-09,301.66,302.040009,302.26999
2023-02-10,299.582,299.69,299.87
2023-02-13,304.42001,303.94,304.019989
2023-02-14,307.21039,307.038696,307.26001
2023-02-15,308.14001,308.45999,308.32999
2023-02-16,303.815,303.79999,303.85999
2023-02-17,300.59561,301.0,300.89999
2023-02-21,294.56,294.32999,294.14999
2023-02-22,293.26999,293.37,293.63
2023-02-23,297.255,297.10999,296.89999
2023-02-24,290.85999,290.66,291.31
2023-02-27,293.64999,293.63,293.79999
2023-02-28,294.10001,293.70001,294.12
2023-03-01,291.37,291.089996,291.040009
2023-03-02,294.019989,293.76999,293.39499
2023-03-03,299.56,299.37,299.48001
2023-03-06,300.29501,300.3103,299.97
2023-03-07,296.47,296.32001,296.23001
2023-03-08,297.87,297.76999,297.73001
2023-03-09,292.79001,293.37,293.22
2023-03-10,287.73001,288.019989,288.17999
2023-03-13,292.34,291.39999,291.17001
2023-03-14,295.64001,296.059998,296.069489
2023-03-15,297.76001,297.30661,296.95999
2023-03-16,306.82999,306.62,306.495
2023-03-17,305.35999,304.92499,305.375
2023-03-20,305.44,306.17001,305.85001
2023-03-21,310.72,310.45999,310.41
2023-03-22,309.23001,308.67999,307.38
2023-03-23,309.99109,311.019989,310.39001
2023-03-24,310.59,310.34,310.089996
2023-03-27,309.20001,308.86499,309.019989
2023-03-28,306.24991,306.73001,306.84
2023-03-29,313.029999,313.087494,312.87991
2023-03-30,315.54001,315.595,315.59601
2023-03-31,320.01001,319.88,320.48001
2023-04-03,320.01001,319.98999,319.94
2023-04-04,318.10999,318.51001,318.72501
2023-04-05,315.79999,315.73001,316.059998
2023-04-06,318.17599,318.045013,317.89499
2023-04-10,317.285,317.4899,317.32281
2023-04-11,315.9899,315.73001,315.76999
2023-04-12,313.42999,313.029999,312.98999
2023-04-13,319.57001,319.125,319.070007
2023-04-14,318.63989,318.31009,318.29999
2023-04-17,318.29999,318.57001,318.73001
2023-04-18,318.7063,318.56,318.89499
2023-04-19,318.77029,318.60999,318.69
2023-04-20,315.59,315.54999,315.94
2023-04-21,316.10001,316.2489,316.48001
2023-04-24,315.85999,315.76999,315.63501
2023-04-25,310.51001,310.51001,310.45999
2023-04-26,311.81,311.60999,311.81
2023-04-27,320.42999,320.73499,320.56
2023-04-28,321.82999,321.85001,322.10001
2023-05-01,322.48001,322.29999,322.37
2023-05-02,319.11011,319.35501,319.67999
2023-05-03,317.69,317.59,317.60999
2023-05-04,316.185,316.23499,316.23001
2023-05-05,323.17499,323.070007,323.040009
2023-05-08,323.785,323.67999,323.78
2023-05-09,321.595,321.77701,321.62
2023-05-10,325.67001,325.29169,325.26999
2023-05-11,326.20001,325.935,326.10999
2023-05-12,324.76001,324.69,324.97501
2023-05-15,326.48499,326.64999,326.64499
2023-05-16,327.9433,327.39999,327.32001
2023-05-17,331.35001,331.5,331.36011
2023-05-18,337.049011,337.32001,337.080597
2023-05-19,336.44,336.35001,336.61499
2023-05-22,337.65009,337.31,337.45999
2023-05-23,334.070007,333.88,333.62
2023-05-24,331.76001,331.435,331.69
2023-05-25,340.48001,340.19501,339.95001
2023-05-26,348.79999,348.405,348.56271
2023-05-30,350.34,349.91,349.45999
2023-05-31,348.89001,348.33499,348.049103
2023-06-01,351.6105,351.59,351.79999
2023-06-02,354.7204,354.73001,354.79501
2023-06-05,355.059998,355.13501,355.0
2023-06-06,354.84091,354.79001,354.92999
2023-06-07,348.5,348.91,348.67001
2023-06-08,353.059998,353.11639,353.035004
2023-06-09,354.67999,354.32999,354.31
2023-06-12,359.95999,360.10999,359.98499
2023-06-13,362.8595,363.01001,363.095001
2023-06-14,364.60001,363.729,364.39001
2023-06-15,370.845,371.22,370.62799
2023-06-16,368.85999,368.29999,368.040009
2023-06-20,367.29999,367.65399,367.13
2023-06-21,362.5,362.81,362.55499
2023-06-22,365.75,365.73999,366.20499
2023-06-23,363.14999,362.48499,362.75
2023-06-26,358.64999,358.35999,358.345
2023-06-27,364.32001,363.81,363.91
2023-06-28,363.935,363.95001,363.8671
2023-06-29,363.079895,363.70001,363.48001
2023-06-30,369.92999,369.95499,370.29999
2023-07-03,370.01,370.07,370.01
2023-07-05,370.73999,370.82001,370.41
2023-07-06,367.3399,367.535,367.26501
2023-07-07,367.18011,366.51001,366.45001
2023-07-10,365.66,365.85501,366.049988
2023-07-11,367.69501,368.40369,367.95999
2023-07-12,372.9899,372.82001,372.95999
2023-07-13,379.85501,379.465,379.565
2023-07-14,378.78,378.72501,378.76501
2023-07-17,382.79501,382.59,382.92001
2023-07-18,386.42999,386.37991,386.29999
2023-07-19,385.63,385.63,385.47
2023-07-20,376.75,377.23499,376.84
2023-07-21,375.75,375.94,375.77499
2023-07-24,375.90009,375.69,375.60501
2023-07-25,379.28,379.29001,379.32501
2023-07-26,377.67499,377.10001,376.94049
2023-07-27,375.54001,376.36951,376.35999
2023-07-28,383.125,383.39999,383.655
2023-07-31,382.69,382.70001,383.070007
2023-08-01,382.98001,383.29001,383.20001
2023-08-02,374.44,374.54001,374.35501
2023-08-03,373.9025,373.85999,374.22501
2023-08-04,371.95999,371.60999,371.64001
2023-08-07,374.46011,374.78,374.86499
2023-08-08,372.17001,372.401,371.92001
2023-08-09,368.79001,368.39999,368.17999
2023-08-10,368.029999,368.53,368.51999
2023-08-11,366.26001,366.029999,366.12991
2023-08-14,369.87,369.64499,369.73001
2023-08-15,366.019989,366.23999,366.26001
2023-08-16,363.30499,362.95999,362.85001
2023-08-17,358.29999,359.070099,359.39001
2023-08-18,359.0,358.96011,358.20999
2023-08-21,364.31,364.26501,364.20999
2023-08-22,362.85001,362.95001,363.12051
2023-08-23,369.69501,369.38,369.029999
2023-08-24,361.72,361.88,361.64001
2023-08-25,364.73999,363.89999,363.89999
2023-08-28,366.66,366.63,366.55389
2023-08-29,375.021088,374.63,374.54999
2023-08-30,376.69501,376.79999,376.5
2023-08-31,379.17999,378.82999,378.53
2023-09-01,377.26999,377.29999,377.63501
2023-09-05,378.83499,378.27991,378.32999
2023-09-06,374.39001,374.42999,374.3165
2023-09-07,372.42001,372.34,372.255
2023-09-08,372.040009,372.079987,372.16
2023-09-11,377.10999,376.92999,376.79999
2023-09-12,372.91,372.9483,373.13
2023-09-13,373.965,374.089996,374.10001
2023-09-14,377.565,377.35129,377.19
2023-09-15,370.56,370.69,370.51999
2023-09-18,370.12,370.36011,370.31
2023-09-19,370.060608,369.94629,369.89001
2023-09-20,365.3595,365.62,365.23999
2023-09-21,358.82999,358.41,358.32001
2023-09-22,358.81,357.99921,357.75009
2023-09-25,358.76001,359.20001,358.63
2023-09-26,353.82999,353.70999,353.89999
2023-09-27,354.23001,354.92001,355.0
2023-09-28,357.98001,358.089996,357.92999
2023-09-29,358.29001,359.42889,358.785
2023-10-02,360.155,359.95499,360.82999
2023-10-03,353.98999,354.48929,354.34
2023-10-04,360.089996,359.81,360.18311
2023-10-05,359.155,358.82001,358.7399
2023-10-06,365.38,365.27499,364.73001
2023-10-09,366.27011,366.20999,366.42001
2023-10-10,369.070007,368.94,368.48001
2023-10-11,370.82001,370.92999,371.049988
2023-10-12,369.88,370.28,369.94
2023-10-13,364.69,365.019989,365.44501
2023-10-16,369.85001,369.64041,369.98999
2023-10-17,367.35999,367.60001,368.16
2023-10-18,362.40991,362.63,363.024994
2023-10-19,359.3399,360.52811,360.47
2023-10-20,354.89001,354.70599,354.465
2023-10-23,356.38,356.10001,355.67999
2023-10-24,359.4801,359.23499,358.98001
2023-10-25,350.26999,350.48001,350.19501
2023-10-26,343.39001,343.95999,343.70999
2023-10-27,344.29999,344.67001,344.92999
2023-10-30,349.56,349.39999,349.44
2023-10-31,350.64999,350.87,350.85001
2023-11-01,357.23999,357.059998,357.19699
2023-11-02,363.32001,363.5,363.57001
2023-11-03,368.019989,367.815,367.87
2023-11-06,368.48651,368.57999,368.66
2023-11-07,373.42999,372.98001,372.45001
2023-11-08,373.14001,373.029999,372.98999
2023-11-09,369.87991,369.85001,369.76999
2023-11-10,378.31,378.42001,378.23999
2023-11-13,377.81,377.70001,377.32501
2023-11-14,385.92709,385.52261,385.089996
2023-11-15,385.76501,385.51501,385.29999
2023-11-16,385.90009,386.049988,385.88
2023-11-17,385.60001,385.51999,385.95499
2023-11-20,391.049896,390.76001,390.54001
2023-11-21,388.10501,388.44501,388.35001
2023-11-22,390.21371,390.10501,390.029999
2023-11-27,389.77499,389.69501,389.315
2023-11-28,389.60999,389.98001,389.95999
2023-11-29,389.75,389.84,389.64001
2023-11-30,387.47501,387.75,388.505
2023-12-01,389.65009,389.64999,389.50919
2023-12-04,385.97,386.51999,386.13
2023-12-05,386.64001,387.10999,386.91
2023-12-06,385.38,385.29001,384.92999
2023-12-07,390.55499,390.60999,390.70001
2023-12-08,392.32501,392.39999,392.25
2023-12-11,395.42331,395.35001,395.4397
2023-12-12,398.37,398.40991,398.30499
2023-12-13,403.095001,402.70499,403.049988
2023-12-14,402.98001,403.20001,402.95999
2023-12-15,405.17999,405.54001,406.059998
2023-12-18,407.47,407.56,407.57999
2023-12-19,408.59,408.60999,408.755
2023-12-20,404.38,404.48001,404.26999
2023-12-21,407.67999,407.85999,407.95999
2023-12-22,408.33719,408.38,408.41
2023-12-26,411.14001,411.10999,410.75
2023-12-27,410.70999,410.67999,410.80499
2023-12-28,411.73001,411.47,411.070007
2023-12-29,409.57999,409.42999,408.97
2024-01-02,401.0090942,401.85999,401.93399
2024-01-03,398.53,398.10999,398.010101
2024-01-04,397.25949,396.60001,396.35999
2024-01-05,396.45999,396.655,396.75
2024-01-08,404.60889,404.86029,405.054993
2024-01-09,405.089996,405.12411,405.73001
2024-01-10,408.17001,407.57001,408.245
2024-01-11,408.82001,409.029999,409.089996
2024-01-12,409.42999,409.39999,409.6001
2024-01-16,408.95981,408.76001,409.079987
2024-01-17,406.59,407.26001,407.28
2024-01-18,413.10001,413.23499,413.18149
2024-01-19,421.040009,421.059998,421.28
2024-01-22,421.89001,421.88,421.69
2024-01-23,423.0,423.19,423.48999
2024-01-24,426.59,425.72,425.58969
2024-01-25,425.54001,426.049988,425.85001
2024-01-26,423.5,423.87,423.70999
2024-01-29,427.62,427.75,427.67001
2024-01-30,425.34,425.59,425.17001
2024-01-31,417.45001,417.32999,417.27499
2024-02-01,422.0,421.565,421.47
2024-02-02,429.66,429.89001,429.97
2024-02-05,428.54001,429.059998,428.95999
2024-02-06,426.33499,426.79999,426.98999
2024-02-07,432.20499,432.070007,431.85999
2024-02-08,432.69,432.89001,432.51001
2024-02-09,437.029999,437.059998,436.98999
2024-02-12,435.57999,435.60001,435.39291
2024-02-13,427.39999,427.33011,427.55499
2024-02-14,433.089996,433.24301,433.013092
2024-02-15,434.089996,434.20999,434.42001
2024-02-16,430.89001,430.48999,430.5
2024-02-20,426.64001,426.72,426.69
2024-02-21,424.39999,424.72,425.10999
2024-02-22,438.57001,438.56,438.45001
2024-02-23,437.01001,437.45499,437.31
2024-02-26,437.17001,437.089996,437.049988
2024-02-27,437.55499,437.702,437.64001
2024-02-28,434.98499,435.0050049,434.78
2024-02-29,438.88,439.3692,439.32001
2024-03-01,445.88,445.7403,445.69
2024-03-04,444.4697,443.90451,444.029999
2024-03-05,434.80499,434.98999,435.54001
2024-03-06,438.85989,438.62,438.89001
2024-03-07,446.079987,445.53,446.035187
2024-03-08,439.66,439.39999,439.67001
2024-03-11,437.81,437.22,436.98001
2024-03-12,443.61499,443.60001,443.73001
2024-03-13,440.01001,440.41,440.32999
2024-03-14,437.85999,437.85999,438.73999
2024-03-15,434.14001,433.841,433.82001
2024-03-18,438.715,438.23499,437.59
2024-03-19,438.19501,438.64999,438.755
2024-03-20,443.19,442.87,443.079987
2024-03-21,446.46011,446.39999,446.17999
2024-03-22,446.435,446.66,446.76001
2024-03-25,445.73999,445.47,444.95499
2024-03-26,443.95001,444.029999,443.79001
2024-03-27,444.57999,444.67001,444.79999
2024-03-28,444.51999,444.38,444.42499
2024-04-01,444.64999,444.54501,445.035706
2024-04-02,440.95999,441.079987,441.25
2024-04-03,441.95001,442.083008,442.024994
2024-04-04,436.23999,436.23001,436.39999
2024-04-05,440.53,440.659,441.22
2024-04-08,440.76001,440.845,440.62
2024-04-09,440.90851,441.079987,441.22989
2024-04-10,438.51001,438.41031,438.64001
2024-04-11,446.28,445.79001,445.70499
2024-04-12,438.45999,438.13,438.059998
2024-04-15,431.065002,431.55011,431.32001
2024-04-16,432.14001,432.10501,432.040009
2024-04-17,426.48999,426.7804,426.94
2024-04-18,424.01001,424.32001,423.20001
2024-04-19,413.51001,414.049988,414.70001
2024-04-22,419.040009,418.98999,418.41
2024-04-23,425.3999,425.26001,425.17001
2024-04-24,426.5701,426.79001,426.625
2024-04-25,423.9299,423.87,423.98999
2024-04-26,431.67001,431.75,431.47
2024-04-29,431.70001,432.1499,432.4733
2024-04-30,427.5,427.32001,426.12
2024-05-01,425.01001,423.98001,422.35999
2024-05-02,426.35999,426.35999,426.21991
2024-05-03,435.53,435.37,435.5701
2024-05-06,439.16,439.33499,439.79501
2024-05-07,440.29501,440.72,440.64001
2024-05-08,440.17001,440.31,440.079987
2024-05-09,440.70999,440.98999,440.85001
2024-05-10,441.98001,441.97,442.29999
2024-05-13,442.95001,442.94,443.10001
2024-05-14,446.20499,446.14001,446.4136
2024-05-15,452.77499,452.70001,452.85251
2024-05-16,452.1694,452.5,452.88501
2024-05-17,451.47,451.505,451.55499
2024-05-20,454.72501,454.48499,454.51999
2024-05-21,455.41,455.32001,455.78
2024-05-22,454.54001,454.10001,454.64999
2024-05-23,453.31601,453.70499,453.85001
2024-05-24,457.79001,457.7901,457.85999
2024-05-28,458.28,458.29041,458.70499
2024-05-29,457.12,456.8797,456.084991
2024-05-30,451.42999,450.707,451.79001
2024-05-31,448.965,450.075012,450.69009
2024-06-03,451.5,451.70999,451.992
2024-06-04,453.88,454.34991,454.29999
2024-06-05,462.56,462.625,463.27011
2024-06-06,462.97,463.49011,463.39001
2024-06-07,463.069885,463.059998,462.79999
2024-06-10,464.375,464.31,464.51001
2024-06-11,467.14001,466.94501,467.46011
2024-06-12,473.14001,473.845,474.20999
2024-06-13,477.0,477.10001,477.070007
2024-06-14,478.245,478.44,478.37
2024-06-17,485.92001,485.35001,485.27499
2024-06-18,484.79001,484.95999,485.20001
2024-06-20,481.94,481.93011,482.10999
2024-06-21,480.755,480.26999,480.75
2024-06-24,475.38,474.87,474.69
2024-06-25,479.10001,478.89001,479.070007
2024-06-26,479.7001,479.75,480.34
2024-06-27,481.26001,481.13,480.44
2024-06-28,480.61801,480.95001,479.87
2024-07-01,481.070007,481.45999,482.125
2024-07-02,486.078003,486.089996,486.47101
2024-07-05,496.4599,496.48999,496.53
2024-07-08,496.73999,496.98999,497.38
2024-07-09,497.41501,497.806,497.75989
2024-07-10,502.79501,503.23999,503.44
2024-07-11,492.79999,492.79999,492.35999
2024-07-12,495.79001,494.26001,495.405
2024-07-15,495.64001,494.70001,495.47
2024-07-16,495.70001,496.10999,496.48001
2024-07-17,482.62,483.66,482.79999
2024-07-18,479.98001,480.10989,478.84
2024-07-19,475.26001,475.17001,475.10001
2024-07-22,482.85251,482.535,482.14999
2024-07-23,481.049988,481.41,480.25
2024-07-24,465.01001,464.45999,462.82001
2024-07-25,461.39001,459.95001,458.992
2024-07-26,463.049988,462.45001,461.64999
2024-07-29,465.12,464.56601,464.20001
2024-07-30,457.5,458.965,458.32001
2024-07-31,472.089996,471.60999,471.25
2024-08-01,458.38,460.35989,458.89001
2024-08-02,447.64499,447.072205,447.91
2024-08-05,433.78,434.5,434.20999
2024-08-06,443.17999,442.42999,440.70001
2024-08-07,437.14499,436.60999,435.32999
2024-08-08,447.59,447.57001,447.35001
2024-08-09,450.62,450.50101,450.029999
2024-08-12,450.35999,450.50391,450.69
2024-08-13,462.059998,462.17001,461.95999
2024-08-14,462.079987,462.35001,463.20001
2024-08-15,474.42001,473.965,473.76001
2024-08-16,474.67981,474.59,474.82001
2024-08-19,479.12,479.35001,480.76639
2024-08-20,480.54999,480.85001,480.54999
2024-08-21,481.42999,482.12991,482.6817
2024-08-22,474.51001,474.89999,474.5
2024-08-23,478.89999,479.45001,480.38
2024-08-26,474.67999,475.0,475.16
2024-08-27,476.96579,476.74991,476.41
2024-08-28,472.23999,472.10001,472.23001
2024-08-29,471.81,470.94,470.10999
2024-08-30,474.13,475.94,475.84
2024-09-03,460.53,460.84,460.95999
2024-09-04,460.95001,461.48001,461.089996
2024-09-05,459.99011,460.10501,460.22
2024-09-06,449.70001,449.79999,449.17001
2024-09-09,453.39999,453.76999,453.62
2024-09-10,458.44,458.28,458.66
2024-09-11,466.81,467.32999,468.29999
2024-09-12,473.1853,472.92001,472.39999
2024-09-13,475.56,475.64999,475.72
2024-09-16,473.30109,473.41,473.41
2024-09-17,472.56921,473.01001,473.29001
2024-09-18,472.23999,471.41,471.51001
2024-09-19,484.30499,483.5,483.60999
2024-09-20,483.23999,482.51999,482.78
2024-09-23,482.63,482.92999,482.98999
2024-09-24,485.26001,485.20001,484.81509
2024-09-25,485.60999,485.67999,485.91
2024-09-26,489.59,489.57999,489.345
2024-09-27,486.70001,486.95999,487.13
2024-09-30,486.089996,487.20001,487.63
2024-10-01,481.26999,481.435,480.89001
2024-10-02,482.95001,482.69,482.45999
2024-10-03,480.50989,481.12,481.17029
2024-10-04,486.89001,487.019897,487.4046
2024-10-07,481.32999,482.0,482.375
2024-10-08,489.47,489.53,489.89001
2024-10-09,492.845,493.29999,493.51001
2024-10-10,492.16501,492.44501,492.73999
2024-10-11,494.019989,493.89999,493.89001
2024-10-14,498.029999,498.049988,497.79001
2024-10-15,489.82999,490.306,490.57999
2024-10-16,490.72,490.9693,490.92001
2024-10-17,491.78,491.436,491.78
2024-10-18,494.23871,494.049988,494.42001
2024-10-21,494.35001,494.67001,495.14999
2024-10-22,496.3493,496.27991,496.69601
2024-10-23,488.35501,488.53009,487.89001
2024-10-24,492.39999,492.48999,492.72
2024-10-25,495.7001,495.64001,495.54001
2024-10-28,496.029999,495.89999,495.85001
2024-10-29,501.16,500.88,500.51001
2024-10-30,497.14499,497.13,496.48999
2024-10-31,485.96439,486.64999,484.51999
2024-11-01,487.89999,487.029999,487.69
2024-11-04,486.32001,485.96011,486.28
2024-11-05,491.48499,491.60999,491.75
2024-11-06,505.9501,505.91,505.27011
2024-11-07,513.94,513.52002,513.34003
2024-11-08,513.92999,513.90002,514.039978
2024-11-11,513.21997,513.52008,513.29999
2024-11-12,513.28998,512.96002,513.00012207
2024-11-13,513.46997,512.5,511.76999
2024-11-14,508.2001,508.45001,508.59
2024-11-15,495.69,496.0,496.64999
2024-11-18,500.17001,499.9801,499.64999
2024-11-19,503.089996,503.63,503.0466
2024-11-20,502.040009,503.079803,502.84
2024-11-21,505.54999,505.16,505.14999
2024-11-22,505.16,505.59009,505.93011
2024-11-25,506.10999,506.42999,506.53
2024-11-26,508.82999,509.03009,509.2504
2024-11-27,504.84,505.16501,504.875
2024-12-02,515.53992,515.27991,515.21002
2024-12-03,516.16992,516.51001,516.69
2024-12-04,523.23993,523.33008,523.28003
2024-12-05,522.10999,522.13,521.64001
2024-12-06,526.29498,526.34998,526.32001
2024-12-09,521.48999,522.02002,521.85999
2024-12-10,520.039978,520.31,520.14001
2024-12-11,530.26001,530.12,529.94
2024-12-12,527.125,527.40002,527.0
2024-12-13,530.63068,530.59497,530.40002
2024-12-16,538.45001,538.20001,537.96002
2024-12-17,535.71002,535.59003,536.02002
2024-12-18,516.7995,519.54999,521.099976
2024-12-19,515.65997,514.45001,514.15997
2024-12-20,520.26001,519.28998,518.89001
2024-12-23,522.78003,522.87,522.78003
2024-12-26,530.73993,530.38,530.26001
2024-12-27,520.45001,522.0,521.90503
2024-12-30,517.15997,517.42969,516.90997
2024-12-31,511.98001,512.075073,510.98999
